Date,Time,Power (FFT),Power (dBFS),Power (dBm),Tsys (K),Tsys0 (K),Tsource (K),Tb (K),Tsky (K),Sν (Jy),σTsys (K),σSsys (Jy),ΩA (sr),ΩS (sr),RA,Dec,l,b,Az,El,Vbcrs,Vlsr,Solar Flux (Jy),Air Temp (C),Sensor 1,Sensor 2,UTC,Az (Rot),El (Rot),Az Off (Rot),El Off (Rot),Unnamed: 32,X (Rot),Y (Rot),X (Target),Y (Target),X_offset,Y_offset,HA (target),HA (Rot),Dec (Target),Dec (Rot),HA_offset,DEC_offset,DEC (Rot),HA (Target),DEC (Target)
2025-07-07,12:08:13.325,0.0004589046002365,-33.382774353027344,,,,,,40.74350357055664,,,,,,23.38999938964844,58.814998626708984,111.80281829833984,-2.129568099975586,325.2199401855469,26.46881103515625,16.305097579956055,26.435474395751953,0,10,0,0,2025-07-07T16:08:13.325Z,325.0,26.0,0.0,0.0,,-49.62,47.41,-48.88,47.33,0.74,0.08,,33.52840949040801,,,-0.24,-0.46,-21.03945395119281,33.28486699477324,-21.49464129285706
2025-07-07,12:08:14.349,0.0004608957096934,-33.36397171020508,,,,,,40.74350357055664,,,,,,23.38999938964844,58.814998626708984,111.80281829833984,-2.129568099975586,325.22100830078125,26.466882705688477,16.305099487304688,26.435476303100582,0,10,0,0,2025-07-07T16:08:14.349Z,325.2200012207031,26.469999313354492,0.0,0.0,,-48.88,47.33,-48.89,47.33,0.01,0.0,,33.28472655371863,,,-0.0,0.0,-21.495823627334502,33.28397428953714,-21.49265565457565
2025-07-07,12:08:15.373,0.0004618674574885,-33.354827880859375,,,,,,40.74350357055664,,,,,,23.38999938964844,58.814998626708984,111.80281829833984,-2.129568099975586,325.2220764160156,26.464956283569336,16.30510139465332,26.43547821044922,0,10,0,0,2025-07-07T16:08:15.373Z,325.2200012207031,26.469999313354492,0.0,0.0,,-48.88,47.33,-48.89,47.33,0.01,0.0,,33.28472655371863,,,-0.0,0.01,-21.495823627334502,33.28308144240141,-21.490671920856048
2025-07-07,12:08:16.398,0.000462429219624,-33.34954833984375,,,,,,40.74350357055664,,,,,,23.38999938964844,58.814998626708984,111.80281829833984,-2.129568099975586,325.22314453125,26.463029861450195,16.305105209350586,26.435482025146484,0,10,0,0,2025-07-07T16:08:16.398Z,325.260009765625,26.520000457763672,0.0399999991059303,0.0599999986588954,,-48.79,47.33,-48.89,47.33,0.1,0.0,,33.24287283633084,,,0.04,0.05,-21.543428245256624,33.282188584730946,-21.488688188270086
2025-07-07,12:08:17.421,0.0004609784227795,-33.36319351196289,,,,,,40.74350357055664,,,,,,23.38999938964844,58.814998626708984,111.80281829833984,-2.129568099975586,325.2242126464844,26.461103439331055,16.30510711669922,26.435483932495117,0,10,0,0,2025-07-07T16:08:17.421Z,325.260009765625,26.520000457763672,0.1299999952316284,0.0099999997764825,,-48.79,47.33,-48.89,47.34,0.1,0.01,,33.24287283633084,,,0.04,0.06,-21.543428245256624,33.2812957165265,-21.48670445681782
2025-07-07,12:08:18.445,0.0004610596806742,-33.3624267578125,,,,,,40.74350357055664,,,,,,23.38999938964844,58.814998626708984,111.80281829833984,-2.129568099975586,325.22528076171875,26.45917701721191,16.30510902404785,26.43548583984375,0,10,0,0,2025-07-07T16:08:18.445Z,325.3500061035156,26.469999313354492,0.1299999952316284,0.0099999997764825,,-48.79,47.43,-48.89,47.34,0.1,0.09,,33.15991004012999,,,0.12,0.0,-21.48837824817104,33.28040283778858,-21.484720726499305
2025-07-07,12:08:19.469,0.0004613851197063,-33.3593635559082,,,,,,40.74350357055664,,,,,,23.38999938964844,58.814998626708984,111.80281829833984,-2.129568099975586,325.2263488769531,26.45724868774414,16.305112838745117,26.435489654541016,0,10,0,0,2025-07-07T16:08:19.469Z,325.3599853515625,26.469999313354492,0.0900000035762786,-0.0599999986588954,,-48.78,47.43,-48.89,47.34,0.11,0.09,,33.15032924747898,,,0.13,0.01,-21.487807760387255,33.279510079839675,-21.48273509388448
2025-07-07,12:08:20.493,0.0004596599610522,-33.375633239746094,,,,,,40.74350357055664,,,,,,23.38999938964844,58.814998626708984,111.80281829833984,-2.129568099975586,325.2274475097656,26.455322265625,16.30511474609375,26.43549156188965,0,10,0,0,2025-07-07T16:08:20.493Z,325.32000732421875,26.399999618530273,0.0900000035762786,-0.0599999986588954,,-48.9,47.44,-48.9,47.34,0.0,0.1,,33.19351751683427,,,0.09,-0.06,-21.42023746188092,33.27858787909234,-21.480749615470792
2025-07-07,12:08:21.517,0.0004545220872387,-33.4244499206543,,,,,,40.74350357055664,,,,,,23.38999938964844,58.814998626708984,111.80281829833984,-2.129568099975586,325.228515625,26.45339584350586,16.305116653442383,26.43549346923828,0,10,0,0,2025-07-07T16:08:21.517Z,325.32000732421875,26.399999618530273,0.050000000745058,-0.1099999994039535,,-48.9,47.44,-48.9,47.34,0.0,0.1,,33.19351751683427,,,0.08,-0.06,-21.42023746188092,33.27769496865512,-21.478765888595174
2025-07-07,12:08:22.541,0.0004538134089671,-33.43122863769531,,,,,,40.74350357055664,,,,,,23.38999938964844,58.814998626708984,111.80281829833984,-2.129568099975586,325.2295837402344,26.45146942138672,16.30512046813965,26.435497283935547,0,10,0,0,2025-07-07T16:08:22.541Z,325.2799987792969,26.34000015258789,0.050000000745058,-0.1099999994039535,,-49.0,47.44,-48.9,47.35,0.1,0.09,,33.23605451397526,,,0.04,-0.11,-21.362651478979807,33.27680204768699,-21.47678216285354
2025-07-07,12:08:23.565,0.0004535701300483,-33.433555603027344,,,,,,40.74350357055664,,,,,,23.38999938964844,58.814998626708984,111.80281829833984,-2.129568099975586,325.23065185546875,26.449542999267575,16.30512237548828,26.43549919128418,0,10,0,0,2025-07-07T16:08:23.565Z,325.2799987792969,26.34000015258789,-0.0399999991059303,-0.0599999986588954,,-49.0,47.44,-48.9,47.35,0.1,0.09,,33.23605451397526,,,0.04,-0.11,-21.362651478979807,33.2759091161887,-21.474798438245976
2025-07-07,12:08:24.589,0.0004542390233837,-33.427154541015625,,,,,,40.74350357055664,,,,,,23.38999938964844,58.814998626708984,111.80281829833984,-2.129568099975586,325.2317199707031,26.44761657714844,16.305126190185547,26.435503005981445,0,10,0,0,2025-07-07T16:08:24.589Z,325.19000244140625,26.38999938964844,-0.0399999991059303,-0.0599999986588954,,-49.0,47.35,-48.9,47.35,0.1,0.0,,33.319039934383134,,,-0.04,-0.06,-21.417709845904337,33.275016174160804,-21.472814714772557
2025-07-07,12:08:25.613,0.0004571410245262,-33.399497985839844,,,,,,40.74350357055664,,,,,,23.38999938964844,58.814998626708984,111.80281829833984,-2.129568099975586,325.2327880859375,26.445690155029297,16.305130004882812,26.43550682067871,0,10,0,0,2025-07-07T16:08:25.613Z,325.19000244140625,26.38999938964844,-0.1299999952316284,-0.0099999997764825,,-49.0,47.35,-48.9,47.35,0.1,0.0,,33.319039934383134,,,-0.04,-0.05,-21.417709845904337,33.274123221603965,-21.4708309924333
2025-07-07,12:08:26.637,0.0004562907270155,-33.40758514404297,,,,,,40.74350357055664,,,,,,23.38999938964844,58.814998626708984,111.80281829833984,-2.129568099975586,325.2338562011719,26.443763732910156,16.305131912231445,26.435508728027344,0,10,0,0,2025-07-07T16:08:26.637Z,325.1000061035156,26.43000030517578,-0.1299999952316284,-0.0099999997764825,,-49.02,47.26,-48.9,47.35,0.12,0.09,,33.402699631672675,,,-0.13,-0.01,-21.462801400161126,33.27323025851889,-21.468847271228277
2025-07-07,12:08:27.661,0.0004551974998321,-33.41800308227539,,,,,,40.74350357055664,,,,,,23.38999938964844,58.814998626708984,111.80281829833984,-2.129568099975586,325.23492431640625,26.441837310791016,16.305133819580078,26.435510635375977,0,10,0,0,2025-07-07T16:08:27.661Z,325.1000061035156,26.43000030517578,-0.1299999952316284,-0.0099999997764825,,-49.02,47.26,-48.91,47.35,0.11,0.09,,33.402699631672675,,,-0.13,-0.0,-21.462801400161126,33.27233728490611,-21.46686355115758
2025-07-07,12:08:28.685,0.0004526021366473,-33.442832946777344,,,,,,40.74350357055664,,,,,,23.38999938964844,58.814998626708984,111.80281829833984,-2.129568099975586,325.2359924316406,26.439910888671875,16.305137634277344,26.43551445007324,0,10,0,0,2025-07-07T16:08:28.685Z,325.1400146484375,26.489999771118164,-0.1000000014901161,0.050000000745058,,-48.91,47.26,-48.91,47.36,0.0,0.1,,33.360142717504594,,,-0.09,0.06,-21.52037593154971,33.27144430076636,-21.464879832221236
2025-07-07,12:08:29.709,0.000452623993624,-33.442623138427734,,,,,,40.74350357055664,,,,,,23.38999938964844,58.814998626708984,111.80281829833984,-2.129568099975586,325.237060546875,26.437984466552734,16.305139541625977,26.435516357421875,0,10,0,0,2025-07-07T16:08:29.709Z,325.1400146484375,26.489999771118164,-0.050000000745058,0.1099999994039535,,-48.91,47.26,-48.91,47.36,0.0,0.1,,33.360142717504594,,,-0.09,0.06,-21.52037593154971,33.27055130610019,-21.46289611441932
2025-07-07,12:08:30.733,0.0004556647618301,-33.413543701171875,,,,,,40.74350357055664,,,,,,23.38999938964844,58.814998626708984,111.80281829833984,-2.129568099975586,325.2381286621094,26.436059951782227,16.305143356323242,26.43552017211914,0,10,0,0,2025-07-07T16:08:30.733Z,325.19000244140625,26.549999237060547,-0.050000000745058,0.1099999994039535,,-48.8,47.26,-48.91,47.36,0.11,0.1,,33.3080115652584,,,-0.04,0.12,-21.57738031855162,33.269658169664794,-21.460914301185536
2025-07-07,12:08:31.757,0.0004553814651444,-33.4162483215332,,,,,,40.74350357055664,,,,,,23.38999938964844,58.814998626708984,111.80281829833984,-2.129568099975586,325.2392272949219,26.43413352966309,16.305145263671875,26.435522079467773,0,10,0,0,2025-07-07T16:08:31.757Z,325.19000244140625,26.549999237060547,-0.050000000745058,0.1099999994039535,,-48.8,47.26,-48.91,47.36,0.11,0.1,,33.3080115652584,,,-0.04,0.12,-21.57738031855162,33.268735851963015,-21.458928835749003
2025-07-07,12:08:32.781,0.0004546112031675,-33.42359924316406,,,,,,40.74350357055664,,,,,,23.38999938964844,58.814998626708984,111.80281829833984,-2.129568099975586,325.24029541015625,26.432207107543945,16.305147171020508,26.435523986816406,0,10,0,0,2025-07-07T16:08:32.781Z,325.19000244140625,26.540000915527344,-0.050000000745058,0.1099999994039535,,-48.82,47.27,-48.91,47.36,0.09,0.09,,33.30870143351976,,,-0.04,0.11,-21.567402600739154,33.2678428256328,-21.456945121392625
2025-07-07,12:08:33.805,0.000453795917565,-33.431392669677734,,,,,,40.74350357055664,,,,,,23.38999938964844,58.814998626708984,111.80281829833984,-2.129568099975586,325.2413635253906,26.430280685424805,16.305150985717773,26.435527801513672,0,10,0,0,2025-07-07T16:08:33.805Z,325.2200012207031,26.600000381469727,-0.0199999995529651,0.1700000017881393,,-48.72,47.26,-48.92,47.37,0.2,0.11,,33.27576488432607,,,-0.01,0.17,-21.62555724678523,33.2669497887787,-21.45496140817089
2025-07-07,12:08:34.829,0.0004541066300589,-33.42842102050781,,,,,,40.74350357055664,,,,,,23.38999938964844,58.814998626708984,111.80281829833984,-2.129568099975586,325.242431640625,26.428354263305664,16.305152893066406,26.435529708862305,0,10,0,0,2025-07-07T16:08:34.829Z,325.2200012207031,26.600000381469727,-0.0199999995529651,0.1700000017881393,,-48.72,47.26,-48.92,47.37,0.2,0.11,,33.27576488432607,,,-0.01,0.17,-21.62555724678523,33.26605674140143,-21.452977696083913
2025-07-07,12:08:35.853,0.0004540911759249,-33.42856979370117,,,,,,40.74350357055664,,,,,,23.38999938964844,58.814998626708984,111.80281829833984,-2.129568099975586,325.2434997558594,26.426429748535156,16.30515480041504,26.435531616210938,0,10,0,0,2025-07-07T16:08:35.853Z,325.32000732421875,26.549999237060547,0.0799999982118606,0.1199999973177909,,-48.71,47.36,-48.92,47.37,0.21,0.01,,33.18321255490543,,,0.08,0.12,-21.56993031828426,33.26516355229373,-21.450995888566954
2025-07-07,12:08:36.879,0.0004568151198327,-33.40259552001953,,,,,,40.74350357055664,,,,,,23.38999938964844,58.814998626708984,111.80281829833984,-2.129568099975586,325.24456787109375,26.424503326416016,16.305158615112305,26.435535430908203,0,10,0,0,2025-07-07T16:08:36.879Z,325.32000732421875,26.540000915527344,0.0799999982118606,0.1199999973177909,,-48.72,47.37,-48.92,47.37,0.2,0.0,,33.183900099347966,,,0.08,0.11,-21.559952463862416,33.26427048387908,-21.449012178749925
2025-07-07,12:08:37.901,0.0004564744303934,-33.40583419799805,,,,,,40.74350357055664,,,,,,23.38999938964844,58.814998626708984,111.80281829833984,-2.129568099975586,325.2456359863281,26.422576904296875,16.305160522460938,26.435537338256836,0,10,0,0,2025-07-07T16:08:37.901Z,325.32000732421875,26.540000915527344,0.1800000071525573,0.0599999986588954,,-48.72,47.37,-48.92,47.37,0.2,0.0,,33.183900099347966,,,0.08,0.11,-21.559952463862416,33.2633774049432,-21.447028470067806
2025-07-07,12:08:38.925,0.0004572909383568,-33.398075103759766,,,,,,40.74350357055664,,,,,,23.38999938964844,58.814998626708984,111.80281829833984,-2.129568099975586,325.2467041015625,26.420652389526367,16.305164337158203,26.4355411529541,0,10,0,0,2025-07-07T16:08:38.925Z,325.42999267578125,26.479999542236328,0.1800000071525573,0.0599999986588954,,-48.72,47.48,-48.92,47.37,0.2,0.11,,33.082432928525776,,,0.18,0.05,-21.49378962233198,33.26248418429999,-21.445046665956852
2025-07-07,12:08:39.949,0.0004563677648548,-33.4068489074707,,,,,,40.74350357055664,,,,,,23.38999938964844,58.814998626708984,111.80281829833984,-2.129568099975586,325.2477722167969,26.418725967407227,16.30516815185547,26.435544967651367,0,10,0,0,2025-07-07T16:08:39.949Z,325.42999267578125,26.479999542236328,0.270000010728836,0.0099999997764825,,-48.72,47.48,-48.93,47.38,0.21,0.1,,33.082432928525776,,,0.18,0.05,-21.49378962233198,33.261591084330526,-21.44306295954505
2025-07-07,12:08:40.973,0.0004569306620396,-33.40149688720703,,,,,,40.74350357055664,,,,,,23.38999938964844,58.814998626708984,111.80281829833984,-2.129568099975586,325.2488708496094,26.41680145263672,16.3051700592041,26.435546875,0,10,0,0,2025-07-07T16:08:40.973Z,325.5199890136719,26.43000030517578,0.270000010728836,0.0099999997764825,,-48.72,47.58,-48.93,47.38,0.21,0.2,,32.999450708314654,,,0.26,-0.0,-21.438762645445568,33.260668539814965,-21.44107940817676
2025-07-07,12:08:41.997,0.0004565370618365,-33.40523910522461,,,,,,40.74350357055664,,,,,,23.38999938964844,58.814998626708984,111.80281829833984,-2.129568099975586,325.24993896484375,26.414875030517575,16.305171966552734,26.435548782348633,0,10,0,0,2025-07-07T16:08:41.997Z,325.5199890136719,26.420000076293945,0.270000010728836,0.0099999997764825,,-48.73,47.58,-48.93,47.38,0.2,0.2,,33.00013367792796,,,0.26,-0.01,-21.428782644561604,33.259775418718654,-21.4390957040771
2025-07-07,12:08:43.021,0.0004597469815053,-33.37480926513672,,,,,,40.74350357055664,,,,,,23.38999938964844,58.814998626708984,111.80281829833984,-2.129568099975586,325.2510070800781,26.41295051574707,16.30517578125,26.4355525970459,0,10,0,0,2025-07-07T16:08:43.021Z,325.4700012207031,26.36000061035156,0.2199999988079071,-0.050000000745058,,-48.84,47.58,-48.93,47.38,0.09,0.2,,33.05222917123019,,,0.21,-0.07,-21.37175246243824,33.25888215594603,-21.437113904550113
2025-07-07,12:08:44.045,0.0004554088809527,-33.415985107421875,,,,,,40.74350357055664,,,,,,23.38999938964844,58.814998626708984,111.80281829833984,-2.129568099975586,325.2520751953125,26.41102409362793,16.305177688598633,26.43555450439453,0,10,0,0,2025-07-07T16:08:44.045Z,325.4700012207031,26.36000061035156,0.2199999988079071,-0.050000000745058,,-48.84,47.58,-48.93,47.38,0.09,0.2,,33.05222917123019,,,0.21,-0.06,-21.37175246243824,33.2579890138212,-21.43513020272127
2025-07-07,12:08:45.069,0.0004526005068328,-33.442848205566406,,,,,,40.74350357055664,,,,,,23.38999938964844,58.814998626708984,111.80281829833984,-2.129568099975586,325.2531433105469,26.409099578857425,16.305179595947266,26.435556411743164,0,10,0,0,2025-07-07T16:08:45.069Z,325.42999267578125,26.299999237060547,0.1800000071525573,-0.1099999994039535,,-48.94,47.58,-48.93,47.39,0.01,0.19,,33.09474921004649,,,0.16,-0.12,-21.314154932642264,33.25709573003566,-21.433148405465868
2025-07-07,12:08:46.093,0.000452490261523,-33.44390869140625,,,,,,40.74350357055664,,,,,,23.38999938964844,58.814998626708984,111.80281829833984,-2.129568099975586,325.2552795410156,26.405248641967773,16.305185317993164,26.435562133789062,0,10,0,0,2025-07-07T16:08:46.093Z,325.42999267578125,26.299999237060547,0.1800000071525573,-0.1099999994039535,,-48.94,47.58,-48.94,47.39,0.0,0.19,,33.09474921004649,,,0.16,-0.12,-21.314154932642264,33.25530926208887,-21.429182910924432
2025-07-07,12:08:47.117,0.0004545022675301,-33.42464065551758,,,,,,40.74350357055664,,,,,,23.38999938964844,58.814998626708984,111.80281829833984,-2.129568099975586,325.2563781738281,26.403322219848633,16.305187225341797,26.435564041137695,0,10,0,0,2025-07-07T16:08:47.117Z,325.4100036621094,26.239999771118164,0.1500000059604644,-0.1700000017881393,,-49.03,47.6,-48.94,47.39,0.09,0.21,,33.118046622552754,,,0.14,-0.17,-21.255418432868993,33.254386774389864,-21.427197464401974
2025-07-07,12:08:48.141,0.0004552463069558,-33.41753387451172,,,,,,40.74350357055664,,,,,,23.38999938964844,58.814998626708984,111.80281829833984,-2.129568099975586,325.2574462890625,26.401397705078125,16.305191040039062,26.43556785583496,0,10,0,0,2025-07-07T16:08:48.141Z,325.4100036621094,26.229999542236328,0.1500000059604644,-0.1700000017881393,,-49.05,47.6,-48.94,47.39,0.11,0.21,,33.11872978940166,,,0.13,-0.18,-21.245438494409044,33.25349344849013,-21.425215671731998
2025-07-07,12:08:49.165,0.0004582788969855,-33.388702392578125,,,,,,40.74350357055664,,,,,,23.38999938964844,58.814998626708984,111.80281829833984,-2.129568099975586,325.2585144042969,26.399473190307617,16.305192947387695,26.435569763183594,0,10,0,0,2025-07-07T16:08:49.165Z,325.4100036621094,26.229999542236328,0.1099999994039535,-0.2199999988079071,,-49.05,47.6,-48.94,47.4,0.11,0.2,,33.11872978940166,,,0.13,-0.18,-21.245438494409044,33.25260011209088,-21.423233880198286
2025-07-07,12:08:50.189,0.0004598269588313,-33.374053955078125,,,,,,40.74350357055664,,,,,,23.38999938964844,58.814998626708984,111.80281829833984,-2.129568099975586,325.25958251953125,26.397546768188477,16.305198669433594,26.435575485229492,0,10,0,0,2025-07-07T16:08:50.189Z,325.3699951171875,26.18000030517578,0.1099999994039535,-0.2199999988079071,,-49.14,47.6,-48.94,47.4,0.2,0.2,,33.16057548754155,,,0.09,-0.22,-21.19782700840375,33.2517068962942,-21.421250186360922
2025-07-07,12:08:51.213,0.0004605604917742,-33.36713409423828,,,,,,40.74350357055664,,,,,,23.38999938964844,58.814998626708984,111.80281829833984,-2.129568099975586,325.2606506347656,26.39562225341797,16.305200576782227,26.435577392578125,0,10,0,0,2025-07-07T16:08:51.213Z,325.3699951171875,26.18000030517578,0.0199999995529651,-0.1700000017881393,,-49.14,47.6,-48.95,47.4,0.19,0.2,,33.16057548754155,,,0.09,-0.22,-21.19782700840375,33.25081353889085,-21.41926839709962
2025-07-07,12:08:52.238,0.0004598918603733,-33.373443603515625,,,,,,40.74350357055664,,,,,,23.38999938964844,58.814998626708984,111.80281829833984,-2.129568099975586,325.26171875,26.39369773864746,16.30520248413086,26.43557929992676,0,10,0,0,2025-07-07T16:08:52.238Z,325.2799987792969,26.229999542236328,0.0199999995529651,-0.1700000017881393,,-49.14,47.5,-48.95,47.4,0.19,0.1,,33.243599807975315,,,0.01,-0.16,-21.252875706380358,33.24992017098994,-21.417286608974774
2025-07-07,12:08:53.261,0.0004619308747351,-33.35422897338867,,,,,,40.74350357055664,,,,,,23.38999938964844,58.814998626708984,111.80281829833984,-2.129568099975586,325.2628173828125,26.391773223876953,16.305206298828125,26.435583114624023,0,10,0,0,2025-07-07T16:08:53.261Z,325.2799987792969,26.219999313354492,-0.0799999982118606,-0.1099999994039535,,-49.15,47.51,-48.95,47.4,0.2,0.11,,33.244285197266606,,,0.0,-0.17,-21.242895900991506,33.24899748849271,-21.415303073001418
2025-07-07,12:08:54.285,0.0004595980863086,-33.376216888427734,,,,,,40.74350357055664,,,,,,23.38999938964844,58.814998626708984,111.80281829833984,-2.129568099975586,325.2638854980469,26.389848709106445,16.305208206176758,26.435585021972656,0,10,0,0,2025-07-07T16:08:54.285Z,325.17999267578125,26.280000686645508,-0.0799999982118606,-0.1099999994039535,,-49.15,47.4,-48.95,47.4,0.2,0.0,,33.336221822512506,,,-0.09,-0.1,-21.308512092417942,33.24810409950285,-21.413321287191263
2025-07-07,12:08:55.309,0.0004596224171109,-33.3759880065918,,,,,,40.74350357055664,,,,,,23.38999938964844,58.814998626708984,111.80281829833984,-2.129568099975586,325.26495361328125,26.387922286987305,16.30521011352539,26.43558692932129,0,10,0,0,2025-07-07T16:08:55.309Z,325.17999267578125,26.280000686645508,-0.0799999982118606,-0.1099999994039535,,-49.15,47.4,-48.95,47.41,0.2,0.01,,33.336221822512506,,,-0.09,-0.1,-21.308512092417942,33.247210831083116,-21.411337599076145
2025-07-07,12:08:56.333,0.0004578422522172,-33.39284133911133,,,,,,40.74350357055664,,,,,,23.38999938964844,58.814998626708984,111.80281829833984,-2.129568099975586,325.2660217285156,26.385997772216797,16.305213928222656,26.435590744018555,0,10,0,0,2025-07-07T16:08:56.333Z,325.0799865722656,26.329999923706055,-0.1800000071525573,-0.0599999986588954,,-49.16,47.3,-48.95,47.41,0.21,0.11,,33.428826585061294,,,-0.18,-0.05,-21.364160097923797,33.246317421095455,-21.409355815539005
2025-07-07,12:08:57.357,0.0004564179107546,-33.4063720703125,,,,,,40.74350357055664,,,,,,23.38999938964844,58.814998626708984,111.80281829833984,-2.129568099975586,325.26708984375,26.38407325744629,16.30521583557129,26.435592651367188,0,10,0,0,2025-07-07T16:08:57.357Z,325.0899963378906,26.329999923706055,-0.1800000071525573,-0.0599999986588954,,-49.15,47.31,-48.96,47.41,0.19,0.1,,33.41921324746561,,,-0.17,-0.04,-21.363583760797123,33.24542400061343,-21.40737403313862
2025-07-07,12:08:58.382,0.000458599650301,-33.38566207885742,,,,,,40.74350357055664,,,,,,23.38999938964844,58.814998626708984,111.80281829833984,-2.129568099975586,325.2681884765625,26.38214874267578,16.305217742919922,26.43559455871582,0,10,0,0,2025-07-07T16:08:58.382Z,325.0899963378906,26.31999969482422,-0.270000010728836,-0.0099999997764825,,-49.16,47.31,-48.96,47.41,0.2,0.1,,33.4199029515281,,,-0.18,-0.05,-21.353604182456625,33.24450126505954,-21.40539050309937
2025-07-07,12:08:59.405,0.0004576407372951,-33.394752502441406,,,,,,40.74350357055664,,,,,,23.38999938964844,58.814998626708984,111.80281829833984,-2.129568099975586,325.2692565917969,26.380224227905273,16.305221557617188,26.43559837341309,0,10,0,0,2025-07-07T16:08:59.405Z,325.0,26.3700008392334,-0.270000010728836,-0.0099999997764825,,-49.16,47.22,-48.96,47.41,0.2,0.19,,33.50288019389099,,,-0.26,0.01,-21.408688692012717,33.24360782349482,-21.403408723014277
2025-07-07,12:09:00.430,0.000456196226878,-33.40848159790039,,,,,,40.74350357055664,,,,,,23.38999938964844,58.814998626708984,111.80281829833984,-2.129568099975586,325.27032470703125,26.37829971313477,16.30522346496582,26.43560028076172,0,10,0,0,2025-07-07T16:09:00.430Z,325.0,26.3700008392334,-0.2300000041723251,0.050000000745058,,-49.16,47.22,-48.96,47.42,0.2,0.2,,33.50288019389099,,,-0.26,0.01,-21.408688692012717,33.242714371437614,-21.401426944066124
2025-07-07,12:09:01.453,0.0004594535857904,-33.37758255004883,,,,,,40.74350357055664,,,,,,23.38999938964844,58.814998626708984,111.80281829833984,-2.129568099975586,325.2713928222656,26.376375198364254,16.305225372314453,26.43560218811035,0,10,0,0,2025-07-07T16:09:01.453Z,325.0400085449219,26.43000030517578,-0.2300000041723251,0.050000000745058,,-49.06,47.21,-48.96,47.42,0.1,0.21,,33.46031060707623,,,-0.22,0.07,-21.4662565923034,33.2418209088886,-21.399445166254974
2025-07-07,12:09:02.477,0.0004577838408295,-33.393394470214844,,,,,,40.74350357055664,,,,,,23.38999938964844,58.814998626708984,111.80281829833984,-2.129568099975586,325.2724609375,26.37445068359375,16.30523109436035,26.43560791015625,0,10,0,0,2025-07-07T16:09:02.477Z,325.0400085449219,26.43000030517578,-0.1899999976158142,0.1099999994039535,,-49.06,47.21,-48.96,47.42,0.1,0.21,,33.46031060707623,,,-0.22,0.07,-21.4662565923034,33.24092743584832,-21.397463389580885
2025-07-07,12:09:03.501,0.000451469735708,-33.453712463378906,,,,,,40.74350357055664,,,,,,23.38999938964844,58.814998626708984,111.80281829833984,-2.129568099975586,325.2735595703125,26.37252616882324,16.305233001708984,26.435609817504883,0,10,0,0,2025-07-07T16:09:03.501Z,325.0799865722656,26.479999542236328,-0.1899999976158142,0.1099999994039535,,-48.97,47.22,-48.97,47.42,0.0,0.2,,33.41846730073699,,,-0.18,0.12,-21.513849469282995,33.24000464726081,-21.395479865477615
2025-07-07,12:09:04.525,0.0004608865710906,-33.36405944824219,,,,,,40.74350357055664,,,,,,23.38999938964844,58.814998626708984,111.80281829833984,-2.129568099975586,325.2746276855469,26.370601654052734,16.305234909057617,26.435611724853516,0,10,0,0,2025-07-07T16:09:04.525Z,325.0799865722656,26.479999542236328,-0.1500000059604644,0.1700000017881393,,-48.97,47.22,-48.97,47.42,0.0,0.2,,33.41846730073699,,,-0.18,0.12,-21.513849469282995,33.239111153144215,-21.39349809111943
2025-07-07,12:09:05.549,0.0004601809487212,-33.37071228027344,,,,,,40.74350357055664,,,,,,23.38999938964844,58.814998626708984,111.80281829833984,-2.129568099975586,325.27569580078125,26.368677139282227,16.305238723754883,26.43561553955078,0,10,0,0,2025-07-07T16:09:05.549Z,325.1199951171875,26.540000915527344,-0.1500000059604644,0.1700000017881393,,-48.87,47.21,-48.97,47.42,0.1,0.21,,33.37590861078374,,,-0.14,0.18,-21.571424731525155,33.23821764853834,-21.39151631789847
2025-07-07,12:09:06.573,0.0004600362444762,-33.37207794189453,,,,,,40.74350357055664,,,,,,23.38999938964844,58.814998626708984,111.80281829833984,-2.129568099975586,325.2767639160156,26.36675262451172,16.305240631103516,26.435617446899418,0,10,0,0,2025-07-07T16:09:06.573Z,325.1300048828125,26.540000915527344,-0.1500000059604644,0.1700000017881393,,-48.86,47.22,-48.97,47.43,0.11,0.21,,33.366299131016326,,,-0.13,0.18,-21.570849201155465,33.23732413344374,-21.389534545814833
2025-07-07,12:09:07.597,0.000459402683191,-33.3780632019043,,,,,,40.74350357055664,,,,,,23.38999938964844,58.814998626708984,111.80281829833984,-2.129568099975586,325.27783203125,26.364830017089844,16.30524253845215,26.435619354248047,0,10,0,0,2025-07-07T16:09:07.597Z,325.1300048828125,26.540000915527344,-0.1000000014901161,0.2199999988079071,,-48.86,47.22,-48.97,47.43,0.11,0.21,,33.366299131016326,,,-0.13,0.18,-21.570849201155465,33.23643047688039,-21.38755467831395
2025-07-07,12:09:08.621,0.000457189977169,-33.39903259277344,,,,,,40.74350357055664,,,,,,23.38999938964844,58.814998626708984,111.80281829833984,-2.129568099975586,325.2789306640625,26.362905502319336,16.305246353149414,26.435623168945312,0,10,0,0,2025-07-07T16:09:08.621Z,325.17999267578125,26.579999923706055,-0.1000000014901161,0.2199999988079071,,-48.77,47.24,-48.97,47.43,0.2,0.19,,33.31554959160245,,,-0.08,0.22,-21.60789377472878,33.23550763528224,-21.38557116014852
2025-07-07,12:09:09.645,0.0004581783432513,-33.38965606689453,,,,,,40.74350357055664,,,,,,23.38999938964844,58.814998626708984,111.80281829833984,-2.129568099975586,325.2799987792969,26.360980987548828,16.305248260498047,26.435625076293945,0,10,0,0,2025-07-07T16:09:09.645Z,325.2799987792969,26.36000061035156,0.0,0.0,,-48.98,47.43,-48.97,47.43,0.01,0.0,,33.234681404962394,,,-0.0,-0.0,-21.382611020243274,33.23461408863673,-21.383589391519063
2025-07-07,12:09:10.669,0.0004580681561492,-33.39069747924805,,,,,,40.74350357055664,,,,,,23.38999938964844,58.814998626708984,111.80281829833984,-2.129568099975586,325.28106689453125,26.35905647277832,16.305252075195312,26.43562889099121,0,10,0,0,2025-07-07T16:09:10.669Z,325.2799987792969,26.36000061035156,0.0,0.0,,-48.98,47.43,-48.98,47.43,0.0,0.0,,33.234681404962394,,,-0.0,0.0,-21.382611020243274,33.23372053150502,-21.38160762402716
2025-07-07,12:09:11.693,0.000460632960312,-33.366451263427734,,,,,,40.74350357055664,,,,,,23.38999938964844,58.814998626708984,111.80281829833984,-2.129568099975586,325.2821350097656,26.357133865356445,16.305253982543945,26.435630798339844,0,10,0,0,2025-07-07T16:09:11.693Z,325.2799987792969,26.36000061035156,0.0,0.0,,-48.98,47.43,-48.98,47.44,0.0,0.01,,33.234681404962394,,,-0.0,0.0,-21.382611020243274,33.23282683293547,-21.37962776111952
2025-07-07,12:09:12.717,0.0004579107044264,-33.39219284057617,,,,,,40.74350357055664,,,,,,23.38999938964844,58.814998626708984,111.80281829833984,-2.129568099975586,325.2832336425781,26.355209350585938,16.30525779724121,26.43563461303711,0,10,0,0,2025-07-07T16:09:12.717Z,325.2799987792969,26.36000061035156,0.0,0.0,,-48.98,47.43,-48.98,47.44,0.0,0.01,,33.234681404962394,,,-0.0,0.0,-21.382611020243274,33.23190394892256,-21.37764424771414
2025-07-07,12:09:13.741,0.0004559922672342,-33.41042709350586,,,,,,40.74350357055664,,,,,,23.38999938964844,58.814998626708984,111.80281829833984,-2.129568099975586,325.2843017578125,26.35328483581543,16.305261611938477,26.435638427734375,0,10,0,0,2025-07-07T16:09:13.741Z,325.2799987792969,26.350000381469727,0.0,0.0,,-48.99,47.44,-48.98,47.44,0.01,0.0,,33.23536800626738,,,-0.0,-0.0,-21.37263125100749,33.23101036024754,-21.37566248367715
2025-07-07,12:09:14.765,0.0004529851139523,-33.43915939331055,,,,,,40.74350357055664,,,,,,23.38999938964844,58.814998626708984,111.80281829833984,-2.129568099975586,325.2853698730469,26.351362228393555,16.30526351928711,26.435640335083008,0,10,0,0,2025-07-07T16:09:14.765Z,325.2900085449219,26.350000381469727,0.0,0.0,,-48.98,47.45,-48.98,47.44,0.0,0.01,,33.2257555771666,,,0.0,-0.0,-21.372057865721047,33.23011663015778,-21.373682624225562
2025-07-07,12:09:15.789,0.0004512480518314,-33.45584487915039,,,,,,40.74350357055664,,,,,,23.38999938964844,58.814998626708984,111.80281829833984,-2.129568099975586,325.28643798828125,26.349437713623047,16.305265426635742,26.43564224243164,0,10,0,0,2025-07-07T16:09:15.789Z,325.2900085449219,26.350000381469727,0.0,0.0,,-48.98,47.45,-48.98,47.44,0.0,0.01,,33.2257555771666,,,0.0,0.0,-21.372057865721047,33.229223020523186,-21.371700862464536
2025-07-07,12:09:16.813,0.0004449560365173,-33.51683044433594,,,,,,40.74350357055664,,,,,,23.38999938964844,58.814998626708984,111.80281829833984,-2.129568099975586,325.28753662109375,26.34751319885254,16.305269241333008,26.435646057128903,0,10,0,0,2025-07-07T16:09:16.813Z,325.2900085449219,26.350000381469727,0.0,0.0,,-48.98,47.45,-48.99,47.44,0.01,0.01,,33.2257555771666,,,0.0,0.0,-21.372057865721047,33.228300094105684,-21.369717353820175
2025-07-07,12:09:17.837,0.0004360135644674,-33.60499954223633,,,,,,40.74350357055664,,,,,,23.38999938964844,58.814998626708984,111.80281829833984,-2.129568099975586,325.2886047363281,26.345590591430664,16.30527114868164,26.43564796447754,0,10,0,0,2025-07-07T16:09:17.837Z,325.2900085449219,26.350000381469727,0.0,0.0,,-48.98,47.45,-48.99,47.45,0.01,0.0,,33.2257555771666,,,0.0,0.0,-21.372057865721047,33.2274063325015,-21.36773749782519
2025-07-07,12:09:18.861,0.0004373199772089,-33.59200668334961,,,,,,40.74350357055664,,,,,,23.38999938964844,58.814998626708984,111.80281829833984,-2.129568099975586,325.2896728515625,26.343666076660156,16.305273056030273,26.435649871826172,0,10,0,0,2025-07-07T16:09:18.861Z,325.2900085449219,26.34000015258789,0.0,0.0,,-48.99,47.45,-48.99,47.45,0.0,0.0,,33.22644190641024,,,0.0,-0.0,-21.362078083208214,33.22651269133299,-21.365755739519994
