 ra_target, dec_target, ha_current, ra_current, dec_current, lst_current, epoch_current, utc_current, year_currently,Date,Time,Power (FFT),Power (dBFS),Power (dBm),Tsys (K),Tsys0 (K),Tsource (K),Tb (K),Tsky (K),Sν (Jy),σTsys (K),σSsys (Jy),ΩA (sr),ΩS (sr),RA,Dec,l,b,Az,El,Vbcrs,Vlsr,Solar Flux (Jy),Air Temp (C),Sensor 1,Sensor 2,Az (Rot),El (Rot),Az Off (Rot),El Off (Rot),Unnamed: 32
12.32,12.58,-1.646291,12.32011,12.580202,10.673818,2000.0,20.012579,2025.561259,,,0.00011973159728948882,-39.217923203125,,,,,,2.7253758907318115,,,,,,12.513728141784668,12.391121864318848,283.8457946777344,74.49114990234375,125.32523653465478,55.892728425391944,-24.41944720752613,-20.286035800055426,0.0,10.0,0.0,0.0,325.3699951171875,55.58000183105469,0.0,0.0,
12.32,12.58,-1.645965,12.320131,12.580551,10.674167,2000.0,20.012927,2025.561259,,,0.00011989225555002588,-39.21209418789043,,,,,,2.7253758907318115,,,,,,12.513728141784668,12.391121864318848,283.8457946777344,74.49114990234375,125.33350711945471,55.89705563393652,-24.41947980978229,-20.286067668760708,0.0,10.0,0.0,0.0,325.3699951171875,55.58000183105469,0.0,0.0,
12.32,12.58,-1.6458,12.320141,12.580677,10.674341,2000.0,20.0131,2025.561259,,,0.00011947038929421036,-39.22740705661791,,,,,,2.7253758907318115,,,,,,12.513728141784668,12.391121864318848,283.8457946777344,74.49114990234375,125.33867899516827,55.89976018712811,-24.419500876359805,-20.28608756154047,0.0,10.0,0.0,0.0,325.3699951171875,55.58000183105469,0.0,0.0,
12.32,12.58,-1.645472,12.320161,12.58093,10.674689,2000.0,20.013448,2025.561259,,,0.00011912652454423513,-39.23991629112978,,,,,,2.7253758907318115,,,,,,12.513728141784668,12.391121864318848,283.8457946777344,74.49114990234375,125.34383109201677,55.902454447769564,-24.41952242186642,-20.286109726331198,0.0,10.0,0.0,0.0,325.3699951171875,55.58000183105469,0.0,0.0,
12.32,12.58,-1.645144,12.320181,12.581182,10.675037,2000.0,20.013795,2025.561259,,,0.00011930458219214868,-39.23344758029641,,,,,,2.7253758907318115,,,,,,12.513728141784668,12.391121864318848,283.8457946777344,74.49114990234375,125.34897804794112,55.90514590752942,-24.4195426999879,-20.28613073711613,0.0,10.0,0.0,0.0,325.3699951171875,55.58000183105469,0.0,0.0,
12.32,12.49,-1.638794,12.320449,12.494769,10.681655,2000.0,20.020395,2025.561259,,,0.00011987831497024874,-39.21260357037175,,,,,,2.7253758907318115,,,,,,12.513728141784668,12.391121864318848,283.8457946777344,74.49114990234375,125.47391495659154,55.970297918525574,-24.420039917518327,-20.286627142257426,0.0,10.0,0.0,0.0,325.3699951171875,55.58000183105469,0.0,0.0,
12.32,12.49,-1.63845,12.320454,12.496007,10.682004,2000.0,20.020742,2025.561259,,,0.0001199830282134837,-39.208800661754424,,,,,,2.7253758907318115,,,,,,12.513728141784668,12.391121864318848,283.8457946777344,74.49114990234375,125.47914100114602,55.97301654081077,-24.42006044840765,-20.28664846047436,0.0,10.0,0.0,0.0,325.3699951171875,55.58000183105469,0.0,0.0,
12.32,12.49,-1.638318,12.320496,12.49642,10.682178,2000.0,20.020916,2025.561259,,,0.00012030864857766583,-39.19704011048084,,,,,,2.7253758907318115,,,,,,12.513728141784668,12.391121864318848,283.8457946777344,74.49114990234375,125.4843555836529,55.97573068749097,-24.42008221615581,-20.286670808685102,0.0,10.0,0.0,0.0,325.3699951171875,55.58000183105469,0.0,0.0,
12.32,12.49,-1.637985,12.320512,12.497513,10.682526,2000.0,20.021263,2025.561259,,,0.00012042574251301062,-39.192807084129456,,,,,,2.7253758907318115,,,,,,12.513728141784668,12.391121864318848,283.8457946777344,74.49114990234375,125.4895458837284,55.978430894450874,-24.420102003862436,-20.286690596391733,0.0,10.0,0.0,0.0,325.3699951171875,55.58000183105469,0.0,0.0,
12.32,12.49,-1.637841,12.320541,12.497974,10.6827,2000.0,20.021437,2025.561259,,,0.00012031095128660703,-39.196950191613375,,,,,,2.7253758907318115,,,,,,12.513728141784668,12.391121864318848,283.8457946777344,74.49114990234375,125.49474308952789,55.981133347439766,-24.420122899192254,-20.286711491721547,0.0,10.0,0.0,0.0,325.3699951171875,55.58000183105469,0.0,0.0,
12.32,12.4,-1.630686,12.320179,12.40574,10.689492,2000.0,20.02821,2025.561259,,,0.00012016406465241544,-39.202256288774656,,,,,,2.7253758907318115,,,,,,12.513728141784668,12.391121864318848,283.8457946777344,74.49114990234375,125.62423668647722,56.04829944135874,-24.420636974624127,-20.287224020787555,0.0,10.0,0.0,0.0,325.3699951171875,55.58000183105469,0.0,0.0,
12.32,12.4,-1.630379,12.320219,12.406731,10.68984,2000.0,20.028558,2025.561259,,,0.00011949753131004546,-39.22643787971648,,,,,,2.7253758907318115,,,,,,12.513728141784668,12.391121864318848,283.8457946777344,74.49114990234375,125.62922219156185,56.050877294983586,-24.42065647695554,-20.287244574092654,0.0,10.0,0.0,0.0,325.3699951171875,55.58000183105469,0.0,0.0,
12.32,12.4,-1.63021,12.320224,12.407286,10.690015,2000.0,20.028732,2025.561259,,,0.0001194370837179464,-39.228611108651194,,,,,,2.7253758907318115,,,,,,12.513728141784668,12.391121864318848,283.8457946777344,74.49114990234375,125.63439514627757,56.053554857289754,-24.4206780797392,-20.2872666722685,0.0,10.0,0.0,0.0,325.3699951171875,55.58000183105469,0.0,0.0,
12.32,12.4,-1.62989,12.320252,12.408325,10.690363,2000.0,20.029079,2025.561259,,,0.00011958183173345813,-39.22334940221321,,,,,,2.7253758907318115,,,,,,12.513728141784668,12.391121864318848,283.8457946777344,74.49114990234375,125.6396465690711,56.05627136967707,-24.42069788522032,-20.287286477749618,0.0,10.0,0.0,0.0,325.3699951171875,55.58000183105469,0.0,0.0,
12.32,12.4,-1.629739,12.320276,12.408808,10.690537,2000.0,20.029253,2025.561259,,,0.00011956435828464794,-39.223983356773054,,,,,,2.7253758907318115,,,,,,12.513728141784668,12.391121864318848,283.8457946777344,74.49114990234375,125.64820603547426,56.06069721041327,-24.42073198974262,-20.287319360454386,0.0,10.0,0.0,0.0,325.3699951171875,55.58000183105469,0.0,0.0,
12.32,12.31,-1.608842,12.320103,12.310546,10.711261,2000.0,20.04992,2025.561259,,,0.00011967229641641477,-39.220063969665134,,,,,,2.7253758907318115,,,,,,12.513728141784668,12.391121864318848,283.8457946777344,74.49114990234375,126.04610363243019,56.26491669297044,-24.42230645528554,-20.28889334972467,0.0,10.0,0.0,0.0,325.3699951171875,55.58000183105469,0.0,0.0,
12.32,12.31,-1.608499,12.320108,12.310626,10.71161,2000.0,20.050268,2025.561259,,,0.00011995974091419275,-39.20964830826587,,,,,,2.7253758907318115,,,,,,12.513728141784668,12.391121864318848,283.8457946777344,74.49114990234375,126.05128150634603,56.267553032999416,-24.422326510430988,-20.28891497785541,0.0,10.0,0.0,0.0,325.3699951171875,55.58000183105469,0.0,0.0,
12.32,12.31,-1.608333,12.320117,12.310642,10.711784,2000.0,20.050441,2025.561259,,,0.0001204543045200079,-39.19177779098724,,,,,,2.7253758907318115,,,,,,12.513728141784668,12.391121864318848,283.8457946777344,74.49114990234375,126.05656202699173,56.270241636116914,-24.422347040246297,-20.28893372542696,0.0,10.0,0.0,0.0,325.3699951171875,55.58000183105469,0.0,0.0,
12.32,12.31,-1.607999,12.320131,12.310481,10.712132,2000.0,20.050789,2025.561259,,,0.00012061752444468351,-39.18589647985085,,,,,,2.7253758907318115,,,,,,12.513728141784668,12.391121864318848,283.8457946777344,74.49114990234375,126.06183555859808,56.27292668073056,-24.422369269527827,-20.288955954708488,0.0,10.0,0.0,0.0,325.3699951171875,55.58000183105469,0.0,0.0,
12.32,12.31,-1.607826,12.320132,12.310424,10.712306,2000.0,20.050962,2025.561259,,,0.00011981704461840039,-39.214816789964864,,,,,,2.7253758907318115,,,,,,12.513728141784668,12.391121864318848,283.8457946777344,74.49114990234375,126.06701618687634,56.27556442315675,-24.422387511176694,-20.28897419635736,0.0,10.0,0.0,0.0,325.3699951171875,55.58000183105469,0.0,0.0,
12.32,12.22,-1.592695,12.319978,12.218005,10.727283,2000.0,20.065899,2025.561259,,,0.00011947356067193195,-39.22728212045222,,,,,,2.7253758907318115,,,,,,12.513728141784668,12.391121864318848,283.8457946777344,74.49114990234375,126.3603474446722,56.42410684541829,-24.423542270961704,-20.290129106968916,0.0,10.0,0.0,0.0,325.3699951171875,55.58000183105469,0.0,0.0,
12.32,12.22,-1.592334,12.319966,12.21783,10.727632,2000.0,20.066246,2025.561259,,,0.00011879927481983248,-39.25187184289462,,,,,,2.7253758907318115,,,,,,12.513728141784668,12.391121864318848,283.8457946777344,74.49114990234375,126.36556143366742,56.42673207064666,-24.423562324765534,-20.290150682192728,0.0,10.0,0.0,0.0,325.3699951171875,55.58000183105469,0.0,0.0,
12.32,12.22,-1.592159,12.319965,12.21767,10.727806,2000.0,20.06642,2025.561259,,,0.00011979969988721033,-39.21547835349628,,,,,,2.7253758907318115,,,,,,12.513728141784668,12.391121864318848,283.8457946777344,74.49114990234375,126.37078733343712,56.4293632706718,-24.423583989831773,-20.290172582361066,0.0,10.0,0.0,0.0,325.3699951171875,55.58000183105469,0.0,0.0,
12.32,12.22,-1.591817,12.319972,12.217424,10.728154,2000.0,20.066767,2025.561259,,,0.0001194174931543515,-39.22933318848316,,,,,,2.7253758907318115,,,,,,12.513728141784668,12.391121864318848,283.8457946777344,74.49114990234375,126.37604990167446,56.43201295093905,-24.423603020853758,-20.290191613383055,0.0,10.0,0.0,0.0,325.3699951171875,55.58000183105469,0.0,0.0,
12.32,12.22,-1.591467,12.319969,12.217418,10.728503,2000.0,20.067114,2025.561259,,,0.00011986874165365464,-39.21295660168757,,,,,,2.7253758907318115,,,,,,12.513728141784668,12.391121864318848,283.8457946777344,74.49114990234375,126.38131446600121,56.434660713233896,-24.42362431519858,-20.290212907727877,0.0,10.0,0.0,0.0,325.3699951171875,55.58000183105469,0.0,0.0,
12.41,12.22,-1.659806,12.410252,12.221611,10.750446,2000.0,20.088998,2025.561259,,,0.00011940279250322233,-39.229865844277974,,,,,,2.7253758907318115,,,,,,12.513728141784668,12.391121864318848,283.8457946777344,74.49114990234375,126.81490668422687,56.651149688673904,-24.425318885312706,-20.291907059567876,0.0,10.0,0.0,0.0,325.3699951171875,55.58000183105469,0.0,0.0,
12.41,12.22,-1.659482,12.410277,12.222067,10.750794,2000.0,20.089345,2025.561259,,,0.00011898593773013927,-39.24504891466005,,,,,,2.7253758907318115,,,,,,12.513728141784668,12.391121864318848,283.8457946777344,74.49114990234375,126.82001841114727,56.65368080656809,-24.42533832825743,-20.291925571520423,0.0,10.0,0.0,0.0,325.3699951171875,55.58000183105469,0.0,0.0,
12.41,12.22,-1.659321,12.410289,12.222294,10.750968,2000.0,20.089519,2025.561259,,,0.00011964382868590429,-39.22114126929966,,,,,,2.7253758907318115,,,,,,12.513728141784668,12.391121864318848,283.8457946777344,74.49114990234375,126.82535029202693,56.65632093568969,-24.425359894162145,-20.29194657934281,0.0,10.0,0.0,0.0,325.3699951171875,55.58000183105469,0.0,0.0,
12.41,12.22,-1.658992,12.410309,12.222871,10.751317,2000.0,20.089866,2025.561259,,,0.00012016079414458726,-39.202374714619424,,,,,,2.7253758907318115,,,,,,12.513728141784668,12.391121864318848,283.8457946777344,74.49114990234375,126.83074846699964,56.65899389093206,-24.425379803581464,-20.291966488762128,0.0,10.0,0.0,0.0,325.3699951171875,55.58000183105469,0.0,0.0,
12.41,12.22,-1.658818,12.410309,12.223147,10.751491,2000.0,20.09004,2025.561259,,,0.00012001975312649028,-39.20747707226902,,,,,,2.7253758907318115,,,,,,12.513728141784668,12.391121864318848,283.8457946777344,74.49114990234375,126.83605941493961,56.661621333057106,-24.425400496202595,-20.29198718138326,0.0,10.0,0.0,0.0,325.3699951171875,55.58000183105469,0.0,0.0,
12.41,12.31,-1.62919,12.409764,12.312337,10.780575,2000.0,20.119044,2025.561259,,,0.00011895009593151996,-39.2463517242184,,,,,,2.7253758907318115,,,,,,12.513728141784668,12.391121864318848,283.8457946777344,74.49114990234375,127.41626359392339,56.945734677678644,-24.427647463362984,-20.29423605589228,0.0,10.0,0.0,0.0,325.3699951171875,55.58000183105469,0.0,0.0,
12.41,12.31,-1.628951,12.409874,12.312336,10.780923,2000.0,20.119391,2025.561259,,,0.00011933585106808518,-39.23229293679235,,,,,,2.7253758907318115,,,,,,12.513728141784668,12.391121864318848,283.8457946777344,74.49114990234375,127.42135444245358,56.948200340692935,-24.427668270645803,-20.2942568631751,0.0,10.0,0.0,0.0,325.3699951171875,55.58000183105469,0.0,0.0,
12.41,12.31,-1.62893,12.410027,12.3119,10.781097,2000.0,20.119565,2025.561259,,,0.00011971770089731112,-39.218417155396544,,,,,,2.7253758907318115,,,,,,12.513728141784668,12.391121864318848,283.8457946777344,74.49114990234375,127.42705208491633,56.95095977845992,-24.42768974949423,-20.29427650344646,0.0,10.0,0.0,0.0,325.3699951171875,55.58000183105469,0.0,0.0,
12.41,12.31,-1.628646,12.410091,12.311971,10.781445,2000.0,20.119913,2025.561259,,,0.0001190991309588489,-39.24091764536164,,,,,,2.7253758907318115,,,,,,12.513728141784668,12.391121864318848,283.8457946777344,74.49114990234375,127.43247757734606,56.95358395757187,-24.427711856884176,-20.29429854206484,0.0,10.0,0.0,0.0,325.3699951171875,55.58000183105469,0.0,0.0,
12.41,12.31,-1.628351,12.410145,12.312187,10.781794,2000.0,20.12026,2025.561259,,,0.00011871291086026278,-39.25502066042274,,,,,,2.7253758907318115,,,,,,12.513728141784668,12.391121864318848,283.8457946777344,74.49114990234375,127.43791852976416,56.95622227764332,-24.427730668486436,-20.2943173536671,0.0,10.0,0.0,0.0,325.3699951171875,55.58000183105469,0.0,0.0,
12.41,12.4,-1.598617,12.40932,12.402662,10.810703,2000.0,20.14909,2025.561259,,,0.00011878556711885778,-39.25236616321895,,,,,,2.7253758907318115,,,,,,12.513728141784668,12.391121864318848,283.8457946777344,74.49114990234375,128.02287819539313,57.23635292582733,-24.42997620769706,-20.29656289287772,0.0,10.0,0.0,0.0,325.3699951171875,55.58000183105469,0.0,0.0,
12.41,12.4,-1.59832,12.409372,12.402761,10.811051,2000.0,20.149438,2025.561259,,,0.00011907385055284935,-39.24184038707657,,,,,,2.7253758907318115,,,,,,12.513728141784668,12.391121864318848,283.8457946777344,74.49114990234375,128.0317606918864,57.2405589596081,-24.430009617117083,-20.296596302297747,0.0,10.0,0.0,0.0,325.3699951171875,55.58000183105469,0.0,0.0,
12.41,12.4,-1.598156,12.409382,12.40287,10.811226,2000.0,20.149611,2025.561259,,,0.0001192672760888734,-39.23478725493278,,,,,,2.7253758907318115,,,,,,12.513728141784668,12.391121864318848,283.8457946777344,74.49114990234375,128.03918194717878,57.244073670947856,-24.430037047832208,-20.296624819115074,0.0,10.0,0.0,0.0,325.3699951171875,55.58000183105469,0.0,0.0,
12.41,12.4,-1.59783,12.409404,12.403185,10.811574,2000.0,20.149959,2025.561259,,,0.00011898884913328264,-39.24495194032305,,,,,,2.7253758907318115,,,,,,12.513728141784668,12.391121864318848,283.8457946777344,74.49114990234375,128.04460506654095,57.24664109034325,-24.430058094002558,-20.296646686531854,0.0,10.0,0.0,0.0,325.3699951171875,55.58000183105469,0.0,0.0,
12.41,12.4,-1.597755,12.409503,12.403058,10.811748,2000.0,20.150133,2025.561259,,,0.00011863364697320541,-39.25792112417397,,,,,,2.7253758907318115,,,,,,12.513728141784668,12.391121864318848,283.8457946777344,74.49114990234375,128.05005304539668,57.24922047738205,-24.43007913733151,-20.296666805533086,0.0,10.0,0.0,0.0,325.3699951171875,55.58000183105469,0.0,0.0,
12.41,12.49,-1.569189,12.410021,12.490105,10.840832,2000.0,20.179137,2025.561259,,,0.00011785390838920343,-39.286577108117115,,,,,,2.7253758907318115,,,,,,12.513728141784668,12.391121864318848,283.8457946777344,74.49114990234375,128.64071262445754,57.5257215732297,-24.432321063621586,-20.298908139669305,0.0,10.0,0.0,0.0,325.3699951171875,55.58000183105469,0.0,0.0,
12.41,12.49,-1.56883,12.41001,12.490418,10.84118,2000.0,20.179484,2025.561259,,,0.00011830589213334886,-39.269956691174755,,,,,,2.7253758907318115,,,,,,12.513728141784668,12.391121864318848,283.8457946777344,74.49114990234375,128.6503923941263,57.530200382107466,-24.432357734191726,-20.298945826808588,0.0,10.0,0.0,0.0,325.3699951171875,55.58000183105469,0.0,0.0,
12.41,12.49,-1.56866,12.410014,12.49054,10.841354,2000.0,20.179658,2025.561259,,,0.00011830081772899726,-39.27012532023579,,,,,,2.7253758907318115,,,,,,12.513728141784668,12.391121864318848,283.8457946777344,74.49114990234375,128.65764322709416,57.533558491522776,-24.432386067835,-20.298974660364298,0.0,10.0,0.0,0.0,325.3699951171875,55.58000183105469,0.0,0.0,
12.41,12.49,-1.568312,12.410015,12.49071,10.841702,2000.0,20.180005,2025.561259,,,0.0001179283862409681,-39.28382175419876,,,,,,2.7253758907318115,,,,,,12.513728141784668,12.391121864318848,283.8457946777344,74.49114990234375,128.66329485147654,57.53617038007951,-24.432408510927857,-20.298997103457154,0.0,10.0,0.0,0.0,325.3699951171875,55.58000183105469,0.0,0.0,
12.41,12.49,-1.568142,12.410019,12.490831,10.841877,2000.0,20.180179,2025.561259,,,0.00011783681877305718,-39.28719030873231,,,,,,2.7253758907318115,,,,,,12.513728141784668,12.391121864318848,283.8457946777344,74.49114990234375,128.66895001804124,57.53878861646641,-24.43242966220464,-20.299016922583053,0.0,10.0,0.0,0.0,325.3699951171875,55.58000183105469,0.0,0.0,
12.41,12.58,-1.562888,12.410163,12.588093,10.847275,2000.0,20.185563,2025.561259,,,0.00011805059891849537,-39.279335523349765,,,,,,2.7253758907318115,,,,,,12.513728141784668,12.391121864318848,283.8457946777344,74.49114990234375,128.77503402417756,57.587760370007516,-24.43282891797209,-20.299417335762975,0.0,10.0,0.0,0.0,325.3699951171875,55.58000183105469,0.0,0.0,
12.41,12.58,-1.562546,12.410169,12.58937,10.847624,2000.0,20.18591,2025.561259,,,0.0001171195435487723,-39.31371658456529,,,,,,2.7253758907318115,,,,,,12.513728141784668,12.391121864318848,283.8457946777344,74.49114990234375,128.7806868349534,57.59036596601203,-24.43284961282225,-20.29943629800291,0.0,10.0,0.0,0.0,325.3699951171875,55.58000183105469,0.0,0.0,
12.41,12.58,-1.56239,12.410188,12.589951,10.847798,2000.0,20.186084,2025.561259,,,0.00011803975978550257,-39.27972308986551,,,,,,2.7253758907318115,,,,,,12.513728141784668,12.391121864318848,283.8457946777344,74.49114990234375,128.78634407517333,57.592970844868866,-24.432871910874383,-20.299458691146523,0.0,10.0,0.0,0.0,325.3699951171875,55.58000183105469,0.0,0.0,
12.41,12.58,-1.562054,12.4102,12.591204,10.848146,2000.0,20.186431,2025.561259,,,0.00011879732041695724,-39.25193520394901,,,,,,2.7253758907318115,,,,,,12.513728141784668,12.391121864318848,283.8457946777344,74.49114990234375,128.79196779851395,57.59556308782025,-24.43289241347764,-20.29948100600694,0.0,10.0,0.0,0.0,325.3699951171875,55.58000183105469,0.0,0.0,
12.41,12.58,-1.561884,12.410205,12.591734,10.84832,2000.0,20.186605,2025.561259,,,0.00011825207754144728,-39.27191448665175,,,,,,2.7253758907318115,,,,,,12.513728141784668,12.391121864318848,283.8457946777344,74.49114990234375,128.79764475086301,57.59817318321524,-24.432914882017624,-20.29950347454692,0.0,10.0,0.0,0.0,325.3699951171875,55.58000183105469,0.0,0.0,
12.5,12.58,-1.638037,12.500115,12.582286,10.862078,2000.0,20.200325,2025.561259,,,0.00011856342930159877,-39.26050041488487,,,,,,2.7253758907318115,,,,,,12.513728141784668,12.391121864318848,283.8457946777344,74.49114990234375,129.08448151061103,57.729521490721886,-24.433993178755962,-20.300580832227542,0.0,10.0,0.0,0.0,325.3699951171875,55.58000183105469,0.0,0.0,
12.5,12.58,-1.637707,12.500133,12.583161,10.862427,2000.0,20.200673,2025.561259,,,0.00011813011547227124,-39.27640437874784,,,,,,2.7253758907318115,,,,,,12.513728141784668,12.391121864318848,283.8457946777344,74.49114990234375,129.09005388757504,57.732060762794895,-24.434014148957026,-20.30060083413769,0.0,10.0,0.0,0.0,325.3699951171875,55.58000183105469,0.0,0.0,
12.5,12.58,-1.637549,12.50015,12.583671,10.862601,2000.0,20.200847,2025.561259,,,0.00011811471152426651,-39.27697504579935,,,,,,2.7253758907318115,,,,,,12.513728141784668,12.391121864318848,283.8457946777344,74.49114990234375,129.0956935241325,57.734628121475886,-24.43403552628948,-20.300623012211037,0.0,10.0,0.0,0.0,325.3699951171875,55.58000183105469,0.0,0.0,
12.5,12.58,-1.63724,12.500189,12.584569,10.862949,2000.0,20.201194,2025.561259,,,0.00011820617177426342,-39.27361772517566,,,,,,2.7253758907318115,,,,,,12.513728141784668,12.391121864318848,283.8457946777344,74.49114990234375,129.10132497748086,57.737188544532046,-24.434056555904128,-20.300645148433425,0.0,10.0,0.0,0.0,325.3699951171875,55.58000183105469,0.0,0.0,
12.5,12.58,-1.637068,12.500192,12.585031,10.863123,2000.0,20.201368,2025.561259,,,0.00011812934654791761,-39.27645770527872,,,,,,2.7253758907318115,,,,,,12.513728141784668,12.391121864318848,283.8457946777344,74.49114990234375,129.10693619083145,57.73974378210771,-24.434077975617186,-20.30066589646839,0.0,10.0,0.0,0.0,325.3699951171875,55.58000183105469,0.0,0.0,
12.5,12.49,-1.630319,12.500234,12.496983,10.869915,2000.0,20.208141,2025.561259,,,0.00011847271728031407,-39.26387279252247,,,,,,2.7253758907318115,,,,,,12.513728141784668,12.391121864318848,283.8457946777344,74.49114990234375,129.24742618134658,57.803513442743814,-24.434602804878313,-20.301190524299,0.0,10.0,0.0,0.0,325.3699951171875,55.58000183105469,0.0,0.0,
12.5,12.49,-1.630004,12.500268,12.497997,10.870264,2000.0,20.208488,2025.561259,,,0.000119017574673155,-39.24389240257502,,,,,,2.7253758907318115,,,,,,12.513728141784668,12.391121864318848,283.8457946777344,74.49114990234375,129.25315219438215,57.8061066320154,-24.434624222493458,-20.301210907674122,0.0,10.0,0.0,0.0,325.3699951171875,55.58000183105469,0.0,0.0,
12.5,12.49,-1.629846,12.500283,12.498408,10.870438,2000.0,20.208662,2025.561259,,,0.0001189372869951063,-39.24682152655528,,,,,,2.7253758907318115,,,,,,12.513728141784668,12.391121864318848,283.8457946777344,74.49114990234375,129.25886222062712,57.80869184437033,-24.434645823283986,-20.301233304244818,0.0,10.0,0.0,0.0,325.3699951171875,55.58000183105469,0.0,0.0,
12.5,12.49,-1.629517,12.500304,12.499374,10.870786,2000.0,20.209009,2025.561259,,,0.00011867212987126948,-39.25654300702973,,,,,,2.7253758907318115,,,,,,12.513728141784668,12.391121864318848,283.8457946777344,74.49114990234375,129.26457152612343,57.81127222482932,-24.434667071919815,-20.301255664449112,0.0,10.0,0.0,0.0,325.3699951171875,55.58000183105469,0.0,0.0,
12.5,12.49,-1.62936,12.500321,12.49988,10.87096,2000.0,20.209183,2025.561259,,,0.00011832811695098711,-39.269131193392234,,,,,,2.7253758907318115,,,,,,12.513728141784668,12.391121864318848,283.8457946777344,74.49114990234375,129.27025036534707,57.81384217963116,-24.434688635059064,-20.301276527921235,0.0,10.0,0.0,0.0,325.3699951171875,55.58000183105469,0.0,0.0,
12.5,12.4,-1.622587,12.500165,12.406481,10.877578,2000.0,20.215783,2025.561259,,,0.0001184109254321345,-39.26608230834755,,,,,,2.7253758907318115,,,,,,12.513728141784668,12.391121864318848,283.8457946777344,74.49114990234375,129.4106028853461,57.87716604321781,-24.435213701170326,-20.30180038635099,0.0,10.0,0.0,0.0,325.3699951171875,55.58000183105469,0.0,0.0,
12.5,12.4,-1.622263,12.500189,12.407635,10.877926,2000.0,20.21613,2025.561259,,,0.00011875146182535334,-39.25364861296696,,,,,,2.7253758907318115,,,,,,12.513728141784668,12.391121864318848,283.8457946777344,74.49114990234375,129.41623085677983,57.879697897554216,-24.435235073962456,-20.301822370614403,0.0,10.0,0.0,0.0,325.3699951171875,55.58000183105469,0.0,0.0,
12.5,12.4,-1.622098,12.500198,12.408067,10.878101,2000.0,20.216304,2025.561259,,,0.00011922810757005837,-39.236236965892665,,,,,,2.7253758907318115,,,,,,12.513728141784668,12.391121864318848,283.8457946777344,74.49114990234375,129.42190321729706,57.88224972119834,-24.435255935743378,-20.30184452827267,0.0,10.0,0.0,0.0,325.3699951171875,55.58000183105469,0.0,0.0,
12.5,12.4,-1.62178,12.500228,12.409196,10.878449,2000.0,20.216651,2025.561259,,,0.0001186196776371652,-39.25843429224676,,,,,,2.7253758907318115,,,,,,12.513728141784668,12.391121864318848,283.8457946777344,74.49114990234375,129.42757778864961,57.884802539430524,-24.435277611600988,-20.301865713693548,0.0,10.0,0.0,0.0,325.3699951171875,55.58000183105469,0.0,0.0,
12.5,12.4,-1.621452,12.500249,12.410156,10.878797,2000.0,20.216999,2025.561259,,,0.00011868764698294129,-39.25594896919687,,,,,,2.7253758907318115,,,,,,12.513728141784668,12.391121864318848,283.8457946777344,74.49114990234375,129.43327764948847,57.887366734638626,-24.435298459770493,-20.301885144951157,0.0,10.0,0.0,0.0,325.3699951171875,55.58000183105469,0.0,0.0,
12.5,12.31,-1.6035,12.500061,12.30853,10.896561,2000.0,20.234714,2025.561259,,,0.00011934345207218584,-39.23202204642137,,,,,,2.7253758907318115,,,,,,12.513728141784668,12.391121864318848,283.8457946777344,74.49114990234375,129.81197724782274,58.056446930870024,-24.43670565521168,-20.303294247740975,0.0,10.0,0.0,0.0,325.3699951171875,55.58000183105469,0.0,0.0,
12.5,12.31,-1.603182,12.500091,12.30851,10.896909,2000.0,20.235061,2025.561259,,,0.00011901213141836392,-39.2440911924839,,,,,,2.7253758907318115,,,,,,12.513728141784668,12.391121864318848,283.8457946777344,74.49114990234375,129.81776435756683,58.059012217283254,-24.43672635602951,-20.303314948558807,0.0,10.0,0.0,0.0,325.3699951171875,55.58000183105469,0.0,0.0,
12.5,12.31,-1.603012,12.500095,12.308645,10.897083,2000.0,20.235235,2025.561259,,,0.00011915518771445115,-39.2388802794375,,,,,,2.7253758907318115,,,,,,12.513728141784668,12.391121864318848,283.8457946777344,74.49114990234375,129.82354438041025,58.06157393014561,-24.43674775669088,-20.30333537684345,0.0,10.0,0.0,0.0,325.3699951171875,55.58000183105469,0.0,0.0,
12.5,12.31,-1.602671,12.500102,12.308818,10.897432,2000.0,20.235582,2025.561259,,,0.00011931799552374318,-39.232941895251116,,,,,,2.7253758907318115,,,,,,12.513728141784668,12.391121864318848,283.8457946777344,74.49114990234375,129.8292999481894,58.06412165892414,-24.43676907262534,-20.303355757806006,0.0,10.0,0.0,0.0,325.3699951171875,55.58000183105469,0.0,0.0,
12.5,12.31,-1.602513,12.500119,12.308904,10.897606,2000.0,20.235756,2025.561259,,,0.00011907037668375031,-39.24196912383534,,,,,,2.7253758907318115,,,,,,12.513728141784668,12.391121864318848,283.8457946777344,74.49114990234375,129.83506147038824,58.066675105482304,-24.436791373468644,-20.303378058649308,0.0,10.0,0.0,0.0,325.3699951171875,55.58000183105469,0.0,0.0,
12.5,12.22,-1.590187,12.499983,12.218568,10.909796,2000.0,20.247913,2025.561259,,,0.000118848906828931,-39.25007655356518,,,,,,2.7253758907318115,,,,,,12.513728141784668,12.391121864318848,283.8457946777344,74.49114990234375,130.09206474565647,58.179974624582776,-24.437742027304576,-20.304329882435358,0.0,10.0,0.0,0.0,325.3699951171875,55.58000183105469,0.0,0.0,
12.5,12.22,-1.58985,12.499995,12.218611,10.910145,2000.0,20.248261,2025.561259,,,0.0001194134676712507,-39.22946640806946,,,,,,2.7253758907318115,,,,,,12.513728141784668,12.391121864318848,283.8457946777344,74.49114990234375,130.10133962229077,58.18404364116111,-24.437776529956903,-20.304363215137567,0.0,10.0,0.0,0.0,325.3699951171875,55.58000183105469,0.0,0.0,
12.5,12.22,-1.589668,12.499987,12.218788,10.910319,2000.0,20.248434,2025.561259,,,0.0001193970229512701,-39.23006643689438,,,,,,2.7253758907318115,,,,,,12.513728141784668,12.391121864318848,283.8457946777344,74.49114990234375,130.10708238712755,58.18656162266647,-24.43779861751397,-20.304385302694634,0.0,10.0,0.0,0.0,325.3699951171875,55.58000183105469,0.0,0.0,
12.5,12.22,-1.589321,12.499988,12.218974,10.910667,2000.0,20.248782,2025.561259,,,0.00011913911833771128,-39.23946778024038,,,,,,2.7253758907318115,,,,,,12.513728141784668,12.391121864318848,283.8457946777344,74.49114990234375,130.11284942491042,58.18909024692511,-24.43781978411117,-20.304406469291834,0.0,10.0,0.0,0.0,325.3699951171875,55.58000183105469,0.0,0.0,
12.5,12.22,-1.588972,12.499987,12.219063,10.911016,2000.0,20.249129,2025.561259,,,0.00011861627846650725,-39.25856186287962,,,,,,2.7253758907318115,,,,,,12.513728141784668,12.391121864318848,283.8457946777344,74.49114990234375,130.11859027881547,58.191607390560414,-24.43783906393858,-20.304425749119243,0.0,10.0,0.0,0.0,325.3699951171875,55.58000183105469,0.0,0.0,
12.59,12.22,-1.65434,12.590085,12.222808,10.935745,2000.0,20.273791,2025.561259,,,0.00012040161215031545,-39.19367832379723,,,,,,2.7253758907318115,,,,,,12.513728141784668,12.391121864318848,283.8457946777344,74.49114990234375,130.6507330795212,58.42255578660298,-24.4397944015522,-20.306382994081495,0.0,10.0,0.0,0.0,325.3699951171875,55.58000183105469,0.0,0.0,
12.59,12.22,-1.654008,12.590102,12.223188,10.936094,2000.0,20.274139,2025.561259,,,0.00012039586960520515,-39.193885244318274,,,,,,2.7253758907318115,,,,,,12.513728141784668,12.391121864318848,283.8457946777344,74.49114990234375,130.65662560971094,58.42509413355085,-24.439816722510315,-20.306405205833244,0.0,10.0,0.0,0.0,325.3699951171875,55.58000183105469,0.0,0.0,
12.59,12.22,-1.653828,12.590095,12.223487,10.936268,2000.0,20.274312,2025.561259,,,0.00011991268226798622,-39.21134901183212,,,,,,2.7253758907318115,,,,,,12.513728141784668,12.391121864318848,283.8457946777344,74.49114990234375,130.66251814323613,58.427626298018964,-24.439837301077645,-20.30642398625831,0.0,10.0,0.0,0.0,325.3699951171875,55.58000183105469,0.0,0.0,
12.59,12.22,-1.653504,12.59012,12.223939,10.936616,2000.0,20.27466,2025.561259,,,0.00011971466105208068,-39.21852520124329,,,,,,2.7253758907318115,,,,,,12.513728141784668,12.391121864318848,283.8457946777344,74.49114990234375,130.66826491428006,58.43009231749224,-24.439859124258824,-20.306445809439488,0.0,10.0,0.0,0.0,325.3699951171875,55.58000183105469,0.0,0.0,
12.59,12.22,-1.65334,12.59013,12.224068,10.93679,2000.0,20.274833,2025.561259,,,0.00011955515944813775,-39.22431820866884,,,,,,2.7253758907318115,,,,,,12.513728141784668,12.391121864318848,283.8457946777344,74.49114990234375,130.67419630663142,58.43264127025168,-24.439879793677346,-20.30646833371424,0.0,10.0,0.0,0.0,325.3699951171875,55.58000183105469,0.0,0.0,
12.59,12.31,-1.625844,12.590151,12.312677,10.964307,2000.0,20.302275,2025.561259,,,0.00011963714241999711,-39.22134098751053,,,,,,2.7253758907318115,,,,,,12.513728141784668,12.391121864318848,283.8457946777344,74.49114990234375,131.27106581179152,58.686063251161336,-24.44205211286286,-20.308639425413602,0.0,10.0,0.0,0.0,325.3699951171875,55.58000183105469,0.0,0.0,
12.59,12.31,-1.6255,12.590155,12.313084,10.964655,2000.0,20.302622,2025.561259,,,0.00011964621256258318,-39.221014057548366,,,,,,2.7253758907318115,,,,,,12.513728141784668,12.391121864318848,283.8457946777344,74.49114990234375,131.27706309789434,58.688582679837786,-24.442073304926442,-20.30866189745574,0.0,10.0,0.0,0.0,325.3699951171875,55.58000183105469,0.0,0.0,
12.59,12.31,-1.625182,12.590185,12.313491,10.965003,2000.0,20.302969,2025.561259,,,0.00011984575021211906,-39.21377465582049,,,,,,2.7253758907318115,,,,,,12.513728141784668,12.391121864318848,283.8457946777344,74.49114990234375,131.2830438605763,58.69109018291666,-24.442095142302104,-20.308683183786712,0.0,10.0,0.0,0.0,325.3699951171875,55.58000183105469,0.0,0.0,
12.59,12.31,-1.625012,12.59019,12.313634,10.965177,2000.0,20.303143,2025.561259,,,0.0001196905445217918,-39.21941956263061,,,,,,2.7253758907318115,,,,,,12.513728141784668,12.391121864318848,283.8457946777344,74.49114990234375,131.28902485612016,58.693601505434366,-24.442116199387094,-20.308702884567758,0.0,10.0,0.0,0.0,325.3699951171875,55.58000183105469,0.0,0.0,
12.59,12.31,-1.624674,12.5902,12.314016,10.965526,2000.0,20.30349,2025.561259,,,0.00011927492086659975,-39.23452070425531,,,,,,2.7253758907318115,,,,,,12.513728141784668,12.391121864318848,283.8457946777344,74.49114990234375,131.29499131953938,58.696105521687,-24.442138066588836,-20.308725216929478,0.0,10.0,0.0,0.0,325.3699951171875,55.58000183105469,0.0,0.0,
12.59,12.4,-1.619422,12.590172,12.407293,10.97075,2000.0,20.308701,2025.561259,,,0.00011944080405350898,-39.22847304494441,,,,,,2.7253758907318115,,,,,,12.513728141784668,12.391121864318848,283.8457946777344,74.49114990234375,131.41286164284855,58.74544339377253,-24.442564113395807,-20.30915079857647,0.0,10.0,0.0,0.0,325.3699951171875,55.58000183105469,0.0,0.0,
12.59,12.4,-1.619093,12.590192,12.408566,10.971099,2000.0,20.309048,2025.561259,,,0.00011949818304613126,-39.2263882564009,,,,,,2.7253758907318115,,,,,,12.513728141784668,12.391121864318848,283.8457946777344,74.49114990234375,131.41880215189363,58.74792545528869,-24.44258540327201,-20.309172992867225,0.0,10.0,0.0,0.0,325.3699951171875,55.58000183105469,0.0,0.0,
12.59,12.4,-1.618938,12.590211,12.409165,10.971273,2000.0,20.309222,2025.561259,,,0.00011948748009191383,-39.22677732645135,,,,,,2.7253758907318115,,,,,,12.513728141784668,12.391121864318848,283.8457946777344,74.49114990234375,131.42479418483475,58.75042701623409,-24.44260678441325,-20.309195376942547,0.0,10.0,0.0,0.0,325.3699951171875,55.58000183105469,0.0,0.0,
12.59,12.4,-1.618601,12.590222,12.410365,10.971621,2000.0,20.309569,2025.561259,,,0.00011953665747583803,-39.22499627894134,,,,,,2.7253758907318115,,,,,,12.513728141784668,12.391121864318848,283.8457946777344,74.49114990234375,131.4306622029505,58.7528770715035,-24.442627928906806,-20.309215739147348,0.0,10.0,0.0,0.0,325.3699951171875,55.58000183105469,0.0,0.0,
12.59,12.4,-1.618446,12.590241,12.410964,10.971795,2000.0,20.309743,2025.561259,,,0.00011985782131371971,-39.21333803154013,,,,,,2.7253758907318115,,,,,,12.513728141784668,12.391121864318848,283.8457946777344,74.49114990234375,131.43653607899645,58.755328172763974,-24.442648721294866,-20.30923540647553,0.0,10.0,0.0,0.0,325.3699951171875,55.58000183105469,0.0,0.0,
12.59,12.49,-1.61005,12.59003,12.490994,10.97998,2000.0,20.317906,2025.561259,,,0.00011953716199242019,-39.22497113101716,,,,,,2.7253758907318115,,,,,,12.513728141784668,12.391121864318848,283.8457946777344,74.49114990234375,131.61474611653074,58.82944626382118,-24.443291749188997,-20.30988034171829,0.0,10.0,0.0,0.0,325.3699951171875,55.58000183105469,0.0,0.0,
12.59,12.49,-1.609708,12.590037,12.491582,10.980329,2000.0,20.318253,2025.561259,,,0.00011960122306254433,-39.222654378756616,,,,,,2.7253758907318115,,,,,,12.513728141784668,12.391121864318848,283.8457946777344,74.49114990234375,131.62078034120768,58.83194660759718,-24.44331349008364,-20.30990139889972,0.0,10.0,0.0,0.0,325.3699951171875,55.58000183105469,0.0,0.0,
12.59,12.49,-1.60954,12.590043,12.491816,10.980503,2000.0,20.318427,2025.561259,,,0.00011998145439907876,-39.20885868989247,,,,,,2.7253758907318115,,,,,,12.513728141784668,12.391121864318848,283.8457946777344,74.49114990234375,131.6267980167955,58.834440605858326,-24.44333464564873,-20.309921330829393,0.0,10.0,0.0,0.0,325.3699951171875,55.58000183105469,0.0,0.0,
12.59,12.49,-1.609205,12.590056,12.49238,10.980851,2000.0,20.318774,2025.561259,,,0.00011981699445204444,-39.214827567035954,,,,,,2.7253758907318115,,,,,,12.513728141784668,12.391121864318848,283.8457946777344,74.49114990234375,131.63283708917837,58.836940160308416,-24.443356481917693,-20.309943771067527,0.0,10.0,0.0,0.0,325.3699951171875,55.58000183105469,0.0,0.0,
12.59,12.49,-1.609038,12.590063,12.49271,10.981025,2000.0,20.318948,2025.561259,,,0.0001193307212758533,-39.23247975366585,,,,,,2.7253758907318115,,,,,,12.513728141784668,12.391121864318848,283.8457946777344,74.49114990234375,131.6388653513701,58.83944008796507,-24.443377599414074,-20.309966191943374,0.0,10.0,0.0,0.0,325.3699951171875,55.58000183105469,0.0,0.0,
12.59,12.58,-1.576005,12.590119,12.5843,11.014115,2000.0,20.351946,2025.561259,,,0.00012136575310529418,-39.159039986425284,,,,,,2.7253758907318115,,,,,,12.513728141784668,12.391121864318848,283.8457946777344,74.49114990234375,132.37572060870576,59.140434797908725,-24.446014305253126,-20.312602897782423,0.0,10.0,0.0,0.0,325.3699951171875,55.58000183105469,0.0,0.0,
12.59,12.58,-1.575663,12.590126,12.584862,11.014463,2000.0,20.352294,2025.561259,,,0.00012070579536425061,-39.1827191894057,,,,,,2.7253758907318115,,,,,,12.513728141784668,12.391121864318848,283.8457946777344,74.49114990234375,132.3818813669371,59.14291186897698,-24.44603492453684,-20.312621651589776,0.0,10.0,0.0,0.0,325.3699951171875,55.58000183105469,0.0,0.0,
12.59,12.58,-1.575325,12.590137,12.584894,11.014811,2000.0,20.352641,2025.561259,,,0.00011957155962596675,-39.223730501584264,,,,,,2.7253758907318115,,,,,,12.513728141784668,12.391121864318848,283.8457946777344,74.49114990234375,132.38801070238742,59.14538215514288,-24.446057305837027,-20.312643991017694,0.0,10.0,0.0,0.0,325.3699951171875,55.58000183105469,0.0,0.0,
12.59,12.58,-1.575149,12.590134,12.585041,11.014985,2000.0,20.352815,2025.561259,,,0.00011924590479724644,-39.235567311696016,,,,,,2.7253758907318115,,,,,,12.513728141784668,12.391121864318848,283.8457946777344,74.49114990234375,132.39413023122495,59.14784862377802,-24.446079694357163,-20.312666379537827,0.0,10.0,0.0,0.0,325.3699951171875,55.58000183105469,0.0,0.0,
12.59,12.58,-1.57481,12.590144,12.585386,11.015334,2000.0,20.353162,2025.561259,,,0.00012026182557414349,-39.198740511237354,,,,,,2.7253758907318115,,,,,,12.513728141784668,12.391121864318848,283.8457946777344,74.49114990234375,132.40018350729022,59.15028494281572,-24.44610184048911,-20.312688525669774,0.0,10.0,0.0,0.0,325.3699951171875,55.58000183105469,0.0,0.0,
12.68,12.58,-1.632249,12.680671,12.580012,11.048423,2000.0,20.386161,2025.561259,,,0.00011958101979248766,-39.223431050860434,,,,,,2.7253758907318115,,,,,,12.513728141784668,12.391121864318848,283.8457946777344,74.49114990234375,133.15564620477272,59.45008428906061,-24.448768790247854,-20.315355475428518,0.0,10.0,0.0,0.0,325.3699951171875,55.58000183105469,0.0,0.0,
12.68,12.58,-1.631905,12.680676,12.58052,11.048771,2000.0,20.386508,2025.561259,,,0.00011953028093310535,-39.225242618002895,,,,,,2.7253758907318115,,,,,,12.513728141784668,12.391121864318848,283.8457946777344,74.49114990234375,133.16186100574876,59.45251513614273,-24.44879114564705,-20.315377830827714,0.0,10.0,0.0,0.0,325.3699951171875,55.58000183105469,0.0,0.0,
12.68,12.58,-1.631755,12.6807,12.58069,11.048945,2000.0,20.386682,2025.561259,,,0.00011972009324629437,-39.21833154537403,,,,,,2.7253758907318115,,,,,,12.513728141784668,12.391121864318848,283.8457946777344,74.49114990234375,133.16809033876902,59.45495218869164,-24.448813553319784,-20.315400238500448,0.0,10.0,0.0,0.0,325.3699951171875,55.58000183105469,0.0,0.0,
12.68,12.58,-1.631444,12.680738,12.581173,11.049294,2000.0,20.387029,2025.561259,,,0.00012003750033419395,-39.20685626264421,,,,,,2.7253758907318115,,,,,,12.513728141784668,12.391121864318848,283.8457946777344,74.49114990234375,133.17432069256296,59.45738928405515,-24.448835964664365,-20.31542264984503,0.0,10.0,0.0,0.0,325.3699951171875,55.58000183105469,0.0,0.0,
12.68,12.58,-1.631282,12.68075,12.581391,11.049468,2000.0,20.387203,2025.561259,,,0.00012064545198636383,-39.18489635581641,,,,,,2.7253758907318115,,,,,,12.513728141784668,12.391121864318848,283.8457946777344,74.49114990234375,133.18054953485833,59.45982405934087,-24.448857407775627,-20.31544505575257,0.0,10.0,0.0,0.0,325.3699951171875,55.58000183105469,0.0,0.0,
12.68,12.49,-1.619631,12.680071,12.490631,11.060439,2000.0,20.398145,2025.561259,,,0.00011940439921066172,-39.229798077993195,,,,,,2.7253758907318115,,,,,,12.513728141784668,12.391121864318848,283.8457946777344,74.49114990234375,133.42837728987126,59.55624179849882,-24.449725375742045,-20.316313340962232,0.0,10.0,0.0,0.0,325.3699951171875,55.58000183105469,0.0,0.0,
12.68,12.49,-1.619275,12.680063,12.490767,11.060788,2000.0,20.398492,2025.561259,,,0.00011958816916761833,-39.22311969044032,,,,,,2.7253758907318115,,,,,,12.513728141784668,12.391121864318848,283.8457946777344,74.49114990234375,133.4345214178388,59.55861813279532,-24.449746054727534,-20.316332739908198,0.0,10.0,0.0,0.0,325.3699951171875,55.58000183105469,0.0,0.0,
12.68,12.49,-1.619117,12.680079,12.49086,11.060962,2000.0,20.398666,2025.561259,,,0.000119780777435717,-39.21613516843832,,,,,,2.7253758907318115,,,,,,12.513728141784668,12.391121864318848,283.8457946777344,74.49114990234375,133.44073255733056,59.56102545393254,-24.449767781837323,-20.316354961334078,0.0,10.0,0.0,0.0,325.3699951171875,55.58000183105469,0.0,0.0,
12.68,12.49,-1.61878,12.68009,12.490924,11.06131,2000.0,20.399013,2025.561259,,,0.00012021893694124795,-39.2002796869647,,,,,,2.7253758907318115,,,,,,12.513728141784668,12.391121864318848,283.8457946777344,74.49114990234375,133.44696166054717,59.56343600763642,-24.449789070147663,-20.31637722075755,0.0,10.0,0.0,0.0,325.3699951171875,55.58000183105469,0.0,0.0,
12.68,12.49,-1.618601,12.680086,12.490991,11.061484,2000.0,20.399187,2025.561259,,,0.00012069231954512935,-39.18320917230358,,,,,,2.7253758907318115,,,,,,12.513728141784668,12.391121864318848,283.8457946777344,74.49114990234375,133.4530458053998,59.565790899611336,-24.449811957717756,-20.316398991715715,0.0,10.0,0.0,0.0,325.3699951171875,55.58000183105469,0.0,0.0,
12.68,12.4,-1.602159,12.680014,12.398111,11.077855,2000.0,20.415513,2025.561259,,,0.00011920695697092058,-39.23698499608167,,,,,,2.7253758907318115,,,,,,12.513728141784668,12.391121864318848,283.8457946777344,74.49114990234375,133.8298928390452,59.7105548744047,-24.451123453078015,-20.31771013825868,0.0,10.0,0.0,0.0,325.3699951171875,55.58000183105469,0.0,0.0,
12.68,12.4,-1.60182,12.680023,12.398066,11.078203,2000.0,20.41586,2025.561259,,,0.00011931271966653108,-39.23313333525531,,,,,,2.7253758907318115,,,,,,12.513728141784668,12.391121864318848,283.8457946777344,74.49114990234375,133.83611215484152,59.712928629774474,-24.45114550738935,-20.317732192570013,0.0,10.0,0.0,0.0,325.3699951171875,55.58000183105469,0.0,0.0,
12.68,12.4,-1.601648,12.680025,12.398103,11.078377,2000.0,20.416034,2025.561259,,,0.0001196891377960003,-39.21946177014021,,,,,,2.7253758907318115,,,,,,12.513728141784668,12.391121864318848,283.8457946777344,74.49114990234375,133.84224039251674,59.715265646542356,-24.451167238728623,-20.317753923909287,0.0,10.0,0.0,0.0,325.3699951171875,55.58000183105469,0.0,0.0,
12.68,12.4,-1.601309,12.680035,12.398057,11.078726,2000.0,20.416381,2025.561259,,,0.00012035549630236617,-39.19536233099053,,,,,,2.7253758907318115,,,,,,12.513728141784668,12.391121864318848,283.8457946777344,74.49114990234375,133.8484228648394,59.717622440069604,-24.45118788071928,-20.317775847570005,0.0,10.0,0.0,0.0,325.3699951171875,55.58000183105469,0.0,0.0,
12.68,12.4,-1.600966,12.680039,12.398131,11.079074,2000.0,20.416728,2025.561259,,,0.00012119820020901527,-39.1650717552479,,,,,,2.7253758907318115,,,,,,12.513728141784668,12.391121864318848,283.8457946777344,74.49114990234375,133.85453233821156,59.71994781673617,-24.45120888645156,-20.317797478980857,0.0,10.0,0.0,0.0,325.3699951171875,55.58000183105469,0.0,0.0,
12.68,12.31,-1.584492,12.679936,12.308382,11.095444,2000.0,20.433054,2025.561259,,,0.00012066952509724213,-39.184055349801916,,,,,,2.7253758907318115,,,,,,12.513728141784668,12.391121864318848,283.8457946777344,74.49114990234375,134.24230360349577,59.866639162722,-24.452552908720563,-20.31913959390123,0.0,10.0,0.0,0.0,325.3699951171875,55.58000183105469,0.0,0.0,
12.68,12.31,-1.584138,12.67993,12.308177,11.095793,2000.0,20.433402,2025.561259,,,0.00012095885962047618,-39.17363737968293,,,,,,2.7253758907318115,,,,,,12.513728141784668,12.391121864318848,283.8457946777344,74.49114990234375,134.24868903108612,59.86903887945481,-24.452574602291246,-20.319162056148336,0.0,10.0,0.0,0.0,325.3699951171875,55.58000183105469,0.0,0.0,
12.68,12.31,-1.58396,12.679926,12.308231,11.095967,2000.0,20.433575,2025.561259,,,0.00012051846033205943,-39.18946634787072,,,,,,2.7253758907318115,,,,,,12.513728141784668,12.391121864318848,283.8457946777344,74.49114990234375,134.2550409318754,59.871421260139485,-24.452595777087854,-20.319184369617155,0.0,10.0,0.0,0.0,325.3699951171875,55.58000183105469,0.0,0.0,
12.68,12.31,-1.583617,12.679932,12.308292,11.096315,2000.0,20.433923,2025.561259,,,0.00012024586960242667,-39.19930597106808,,,,,,2.7253758907318115,,,,,,12.513728141784668,12.391121864318848,283.8457946777344,74.49114990234375,134.26139144121314,59.87380218705931,-24.452618085668668,-20.319206678197965,0.0,10.0,0.0,0.0,325.3699951171875,55.58000183105469,0.0,0.0,
12.68,12.31,-1.583433,12.679922,12.30837,11.096489,2000.0,20.434096,2025.561259,,,0.00011983886676303124,-39.214028853028026,,,,,,2.7253758907318115,,,,,,12.513728141784668,12.391121864318848,283.8457946777344,74.49114990234375,134.26777363487233,59.876199284328145,-24.452640523396614,-20.31922911592591,0.0,10.0,0.0,0.0,325.3699951171875,55.58000183105469,0.0,0.0,
12.68,12.22,-1.571172,12.680026,12.218171,11.108854,2000.0,20.446427,2025.561259,,,0.00011921743737731664,-39.236615101579595,,,,,,2.7253758907318115,,,,,,12.513728141784668,12.391121864318848,283.8457946777344,74.49114990234375,134.55267490437384,59.98250983851307,-24.453619585393845,-20.320208177923142,0.0,10.0,0.0,0.0,325.3699951171875,55.58000183105469,0.0,0.0,
12.68,12.22,-1.570823,12.680025,12.218246,11.109202,2000.0,20.446775,2025.561259,,,0.00011901946734257911,-39.243819726801505,,,,,,2.7253758907318115,,,,,,12.513728141784668,12.391121864318848,283.8457946777344,74.49114990234375,134.55889537518786,59.98481884558791,-24.453643033999146,-20.320229924731933,0.0,10.0,0.0,0.0,325.3699951171875,55.58000183105469,0.0,0.0,
12.68,12.22,-1.570652,12.680028,12.218271,11.109377,2000.0,20.446948,2025.561259,,,0.00011965293777829496,-39.220775506076244,,,,,,2.7253758907318115,,,,,,12.513728141784668,12.391121864318848,283.8457946777344,74.49114990234375,134.5652207870486,59.98716533094016,-24.453663676969395,-20.32025199585848,0.0,10.0,0.0,0.0,325.3699951171875,55.58000183105469,0.0,0.0,
12.68,12.22,-1.570315,12.68004,12.218299,11.109725,2000.0,20.447296,2025.561259,,,0.00011975110087317894,-39.217204290950896,,,,,,2.7253758907318115,,,,,,12.513728141784668,12.391121864318848,283.8457946777344,74.49114990234375,134.57152674066512,59.989505912010344,-24.453685444463783,-20.32027403699308,0.0,10.0,0.0,0.0,325.3699951171875,55.58000183105469,0.0,0.0,
12.68,12.22,-1.570138,12.680037,12.218348,11.109899,2000.0,20.447469,2025.561259,,,0.00012030958048299546,-39.19701099015107,,,,,,2.7253758907318115,,,,,,12.513728141784668,12.391121864318848,283.8457946777344,74.49114990234375,134.5778102549515,59.991834024094295,-24.453705890130124,-20.32029299948353,0.0,10.0,0.0,0.0,325.3699951171875,55.58000183105469,0.0,0.0,
